01	match	
02	match	
03	match	
04	match	
05	match	
06	match	
07	match	
08	match	
09	match	
10	match	
11	match	
12	match	
13	match	
14a	match	
14b	match	
15	match	
16	match	
17	match	
18	match	
19	match	
20	match	
21	match	
22	match	
23a	match	
23b	match	
24a	match	
24b	match	
25	match	
26	match	
27	match	
28	match	
29	match	
30	match	
31	match	
32	match	
33	match	
34	match	
35	match	
36	match	
37	match	
38	match	
39a	match	
39b	match	
40	match	
41	match	
42	match	
43	match	
44	match	
45	match	
46	match	
47	match	
48	match	
49	match	
50	match	
51	match	
52	match	
53	match	
54	match	
55	match	
56	match	
57	match	
58	match	
59	match	
60	match	
61	match	
62	match	
63	match	
64	match	
65	match	
66	match	
67	match	
68	match	
69	match	
70	match	
71	match	
72	match	
73	match	
74	match	
75	match	
76	match	
77	diff	diff_data
78	match	
79	match	
80	match	
81	match	
82	match	
83	match	
84	match	
85	match	
86	diff	diff_data
87	match	
88	match	
89	match	
90	match	
91	match	
92	match	
93	match	
94	match	
95	match	
96	match	
97	match	
98	diff	diff_data
99	match	
